Unnamed: 0,data of the sample,prediction,deviation(%)
514,155537.862252682,448909.27868804033,188.61736440658817
203,170935.85921771,485832.17369305575,184.2189906298611
217,172080.434496773,470482.06276152,173.40822571571488
245,173622.088728263,448081.8783715302,158.0788433393552
834,185096.577205616,467334.1828836268,152.4812667737691
832,194131.012663328,478565.1649104732,146.5165963670243
19,187823.339254278,453387.0703102207,141.39016594546786
1167,191490.299507521,453609.3490852449,136.88372217905948
879,164430.391189608,383950.9893626936,133.50366473309182
510,199428.857699441,461774.4400925282,131.5484556344739
831,181676.126555428,416581.10202321934,129.29875813712027
1229,194698.882220432,446182.87607431447,129.16560741687266
701,184655.300458183,422053.06499701296,128.5626591545316
169,153909.578271486,351311.7241324441,128.2585191109771
404,156647.763531624,356748.6563012599,127.73938692666977
1170,209242.82289186,473993.2192745106,126.52782672477984
509,205578.333622415,463874.7235880102,125.6437803606324
465,171059.523675194,385168.7842318447,125.16652446852304
200,201912.270622883,453647.365303783,124.67548104150264
829,195848.788183328,438060.1718230659,123.67264862165564
211,191742.778119363,428867.746541046,123.66826576074162
806,158011.114889899,347947.1305045875,120.20421205624334
507,203909.759061135,448620.05888288224,120.00911626224796
1204,151951.955409666,330911.83054388606,117.77398629174604
828,182829.898109257,395280.2346629849,116.2010911512788
508,175470.149087545,378454.2564054266,115.68013612196194
520,164400.75641556,351638.4932230742,113.89104338074247
1194,179082.825442944,376974.5546130888,110.5029076242676
201,185988.233987516,383693.2371646416,106.2997367835624
460,188129.459710994,387939.5187656522,106.20880927506413
484,181824.300998793,374835.94501495,106.15283158296768
218,191719.161659178,394537.6816577308,105.78938393185042
219,160741.098612515,330722.9806679122,105.74886169290048
1191,211007.008292301,433319.30974331766,105.35778088614708
1168,228684.245137946,466693.147732478,104.07752508309488
15,179460.96518734,365489.6512600976,103.65969328124449
1200,173756.812589691,353186.5706098796,103.26487655128304
1220,191403.199177104,386583.6173630586,101.97343567144644
871,197530.775205517,398100.383871157,101.53841013227498
454,154865.359142973,311763.47204728733,101.31259422545531
760,157972.82120994,315626.13850945415,99.7977475441796
511,187599.163869476,374176.4751647476,99.45530003805592
1434,156887.932862327,311902.3176080247,98.80580482995248
202,183778.44888032,363815.5083011724,97.96418487463453
807,194089.683858004,383671.2097353869,97.67728099144144
826,189122.67702416,373088.2686423125,97.27315333774136
207,180980.721388278,355184.1906739164,96.25526296356192
776,184003.879764736,360911.4159608248,96.14337285837642
518,173621.195202569,339986.33639499045,95.8207556389174
1201,181387.076390881,355012.7021968241,95.72105646148
1443,189369.756330412,369329.9852224898,95.031135055211
1171,202357.62258493,392757.2163684033,94.09064573466318
537,172281.605004025,331546.32208109635,92.44441220137834
833,201416.004864508,385683.0968119097,91.48582411380748
1199,201670.634365666,386091.6761918985,91.4466513215024
1196,181732.443415757,347868.56741000887,91.41797736916747
1251,189388.291715481,361977.3636210632,91.12974743172808
702,191284.655779772,364801.3524325984,90.71124703938509
1173,202524.12465369,385826.6307089804,90.50897337229922
209,183859.460411109,344751.0188147942,87.50790307114593
205,191569.089663229,357536.48142298777,86.6357887128466
1169,201842.998700429,375380.1296298826,85.97629446984864
564,196449.247639381,365255.38349818543,85.92862425652011
122,179021.448718583,332833.1401212794,85.91802407122977
577,151556.01403002,280476.7650999851,85.06475437156107
802,201016.171121215,371781.72024999454,84.95115003747932
1172,168238.61218265,309334.97857016814,83.8668154456335
405,187388.833374873,342610.0408155981,82.83375516309646
276,175943.371816948,321574.6686308187,82.7716868842243
20,186544.114327568,339952.1608960385,82.23687309645634
143,152799.812402444,278159.4809489798,82.04176862230932
805,161596.052159825,292958.3577834629,81.29054136403984
486,165281.292597397,298962.5206263632,80.88103978869268
836,184795.783735112,333254.2696896873,80.33651144734833
714,175080.614768394,313105.55195884313,78.83507684333637
1135,169136.43011395,302098.7643947789,78.61247526109543
1138,190550.327866959,340164.7310753328,78.51700119499851
870,199641.657313834,355179.1903723733,77.90835597704762
1226,183259.503900506,325346.3971427965,77.53316483898773
1222,209375.003419718,370918.3842272053,77.15504628967274
837,189168.263864671,334936.1712651126,77.05727399640483
1372,175122.810326699,309264.5381394673,76.59866099825675
839,184946.642483576,326451.61040287814,76.51123914394302
872,191777.196949138,338457.8151881456,76.48491091352712
916,180770.649792036,318504.13709234586,76.19239487093871
516,202487.010170501,355888.0127874244,75.7584412391464
1163,189228.701486278,332092.1195840144,75.49775323491093
1046,183000.431679579,320122.9812224001,74.9301781882751
1435,164185.777305524,287166.07973803085,74.90313987651912
1122,164475.14942856,287638.19959902856,74.88246741126362
715,190720.794649138,333373.942829988,74.79685078036911
761,156804.951429181,273910.0987203912,74.68204685111573
1205,162537.52704471,282858.26150575647,74.02643355583307
848,163424.037827357,283338.7353700943,73.37641337036143
517,208232.716273485,360525.1816438116,73.13570513593616
1442,195596.307707478,338207.79887047474,72.91113663366174
407,180847.216739049,312625.48472988466,72.86718057761612
478,148356.669440918,255661.8020249841,72.3291598473095
42,156214.042540726,268854.88177778845,72.10673087068743
513,196666.554897677,338110.72507513507,71.92080537082148
1202,184859.155270535,317749.5381268877,71.88736887922713
569,158682.460013921,271987.93267726054,71.40390478783819
913,178930.528374292,303387.56227898167,69.55606459974616
208,164279.13048219,278493.36911629373,69.52449668978863
830,198785.059550672,336302.86510977824,69.17914549008235
278,167350.910824524,282946.778592883,69.07394002149603
860,161748.271317074,273310.0468879556,68.97246855404583
461,183517.34369691,310052.6626856866,68.95006021760939
572,156286.534303521,263841.0803264892,68.81881827009396
803,277936.12694354,468288.7514929637,68.48790282959217
221,196896.748596341,331258.2599409349,68.2395785112984
1223,196691.81930173,328363.38174126943,66.94308024959193
1203,158313.615666777,263848.3138949978,66.66179518655757
875,192343.34807661,319938.35395855363,66.33710349635942
26,201740.620690863,334235.672698016,65.67594149032664
543,175610.840124147,290598.47628506774,65.47866639646557
536,196400.046680661,323076.16374739056,64.49902594610892
238,181734.480075862,298374.73731660785,64.181688137582
570,144959.835250915,235768.82338005776,62.644240711200425
35,152605.298564403,248198.75115525277,62.64097871444947
1132,168743.001567144,273900.34119327774,62.31804498528545
1195,206260.099795032,334481.075062871,62.16470145959239
524,158163.720929772,255773.63053236945,61.71447474097948
515,169543.240620935,274044.023575986,61.63665538792784
1221,196264.754980043,315755.68177733937,60.88251902866955
506,180953.241201168,290698.98115293134,60.64867322810626
243,177199.618638821,284522.0959967405,60.56586249018441
114,156705.730169433,250630.83733446605,59.93725121824171
483,215785.540813051,343557.31302228424,59.21238824798286
889,193046.301574659,306848.06121791684,58.9504998101432
206,232991.025583822,369956.0045681168,58.78551701340942
915,182675.204270589,289625.3259089795,58.54660027092121
162,174728.655998442,276106.04396086466,58.01989798589568
775,178483.353073443,281405.6094254148,57.6649052024594
427,175127.59621604,275793.2246551546,57.48130541056021
525,154849.043268978,243516.0775870236,57.26030490484073
112,162015.318511503,254555.8864148494,57.118406304756974
279,149315.311876449,234253.93510776543,56.8854072391443
495,206003.107947263,322517.7374972404,56.55964645922007
237,202202.073341595,316209.068727074,56.382703451748704
571,160144.390548579,248956.55849595708,55.457557797153925
497,202916.221653487,315441.0468534791,55.45383423911117
18,183053.458213802,284365.90148286056,55.345823158789
425,185733.534000593,288300.57558172906,55.22268347126189
914,153346.220086301,237288.52275375277,54.74037939781642
283,176220.543265638,272173.840853309,54.45068764941288
767,182022.387105998,281078.7526117936,54.419880477730246
1074,195174.031139141,301249.4553746788,54.34914861184366
1250,185948.625475832,286284.624589604,53.95898940205546
1197,189698.740693148,291667.1280805608,53.75280142336545
1224,192458.431539585,295616.3743215888,53.60011611691129
212,199954.072465842,306713.1165927914,53.39178282812267
1219,182056.024744887,278802.9836180721,53.14131131268823
220,157829.546854733,241551.48681723268,53.04579632326876
1198,203074.34678979,310099.52163424843,52.70245924033146
838,216855.260149095,330516.2028527779,52.41327446958738
1218,177862.778940605,270968.42559144075,52.34689753831362
252,178173.79762147,269909.66161706287,51.48673105710279
17,182352.192644656,275160.24296138214,50.89494618667859
840,189317.51282069,285616.448828609,50.86636443355745
27,162986.378895754,245867.4671946292,50.85154284695527
215,140791.922472443,211817.12589642208,50.44693060277001
251,180987.949624695,271177.63633788953,49.83187383481389
1053,160927.61044889,240972.8675527703,49.73991528278013
912,180347.194026928,269362.3355073671,49.35765258823383
1403,180618.032628904,269668.67794638965,49.303297141126656
451,196314.53120359,292891.27806625643,49.19490486545314
1389,185170.284452595,275569.3382674392,48.81941726345785
907,158404.073081048,235246.2162851228,48.51020665659159
1137,213252.926930889,316608.88719824085,48.466373594416105
539,198228.354306682,294004.90298845654,48.316270907237225
204,184468.908382254,273566.8566689623,48.29971026991751
906,152125.028585543,225286.15467423789,48.0927607829864
904,158820.474171061,234524.69560814527,47.66653785175421
402,220449.534665317,323904.51151745656,46.92909740508332
403,220522.352084222,323905.62156723056,46.88108416489426
890,168538.969495849,247489.5799628867,46.84412792080242
579,209834.383092536,307906.7101351835,46.73796810477814
827,185645.475220346,272370.94434895454,46.71563851781062
542,181869.381196234,266347.74662330776,46.45002081792043
877,186760.207965688,273482.2356614145,46.43495990947884
409,164305.538020654,240448.7925058226,46.34247597643181
1047,185830.971906573,271466.5991796152,46.08253747717348
521,160480.424024781,234114.3373163984,45.88342393726916
835,195158.972598372,284675.6287074713,45.86858340011882
844,145708.764336107,212503.49064389116,45.84125506253587
248,184282.266697609,268745.1971170113,45.83345534706197
847,157025.945155458,228993.50829403647,45.83163824763454
1304,202551.677190573,295381.57080158265,45.83022708010934
488,173154.590990955,250038.42899875276,44.40184783308106
1177,181991.079479377,262741.885737029,44.37074964809064
538,196380.366297173,283432.86789635394,44.32851574757152
167,199270.841200324,287527.5417131105,44.28982182298481
1076,164200.595496827,236734.5512543762,44.173990683822346
410,180181.19673723,259726.5576003339,44.14742620402844
891,170157.842016969,245230.98914430564,44.119710403855485
263,157304.402574096,226608.4372453152,44.0572759167211
280,139010.847766793,200226.5326489348,44.036624382608096
240,188007.94241481,270641.0511216408,43.95192439504167
1070,179194.066390078,257927.51571585616,43.93753147740257
908,160692.078640755,231192.7442589656,43.87314310360168
1125,162243.399502668,233398.95652530945,43.85728925845843
512,192265.198109864,276418.3179276024,43.76929399862144
841,180803.277842406,259897.1130462805,43.74579717123006
768,181244.510876788,260472.87064493427,43.71352234882665
401,228156.372839158,327421.0201598394,43.50728672858918
843,179074.839090732,256970.11973175872,43.49872993690612
144,180322.322067129,258656.8314890633,43.4413823668334
703,179598.085818785,257543.5731628313,43.39995439745027
1209,199437.232798284,284772.1755964138,42.78786944684484
1129,161495.5393685,230190.60145511827,42.536817026178106
563,192867.417844592,274480.05318748,42.315408302220064
250,182550.070992189,259535.2139715661,42.17206959216748
578,158908.146068683,225837.96428103556,42.11855708355204
801,148103.867006579,210097.1856693157,41.85800135791378
1045,183750.755371907,260659.8863193306,41.85513729821759
1212,154672.422763036,218450.13619755715,41.23405601025013
420,186847.944787446,263850.8331898194,41.21152549468509
210,185922.465682076,262420.9962677332,41.14539375594787
773,183521.710369283,258861.50162809016,41.05224995299366
1213,159355.710116165,224668.56693451124,40.98557671434262
850,152163.2443541,214490.9981055961,40.96110990276524
29,165845.938616539,233611.75754957244,40.86070451789495
43,171992.760735142,242245.70373579013,40.846453478837546
115,182902.420342386,257267.96360577323,40.65858894823694
259,175011.481953462,245968.1507837552,40.54400776353724
530,168092.975480832,235776.52254716825,40.265541657958416
34,194868.409899858,273124.0345261721,40.15818914237013
719,169233.113601757,237166.37868566453,40.14182782441121
580,192410.516550815,269597.2890384496,40.11567240257879
884,176334.184710805,247036.9379485844,40.095885748832345
171,166386.7567182,233018.7369278864,40.04644451513488
249,162062.47538448,226463.23270202483,39.73822883104759
235,204032.992922943,284853.5251125882,39.61150156738064
700,178762.170601992,247880.61665133003,38.66502952866238
845,142398.022752011,197385.8223486153,38.61556399021541
842,175061.18585763,242532.8871201074,38.54178236708013
424,178298.791761954,247013.2683869608,38.53894686888693
408,159505.170529478,220462.77429196655,38.21669451851598
762,211491.972463654,292171.9088426491,38.14798993983582
105,170401.630997116,234844.0852036546,37.817979692711546
766,157342.225898399,216682.87735969215,37.71438412191485
482,157699.907796437,216877.5228573166,37.52545951851001
239,183982.158993126,252606.2839709245,37.29933671468789
16,185034.62891405,253878.0123959366,37.20567543811752
213,180690.274752587,247604.8027866961,37.03272250027448
33,198822.198942566,271754.6180399262,36.68223140335969
456,179399.563554274,244979.03150373916,36.55497630551663
241,185922.966763517,253704.9151059684,36.45700664225415
1368,165633.573325837,225983.252661237,36.435656203998654
181,174354.336267919,237731.52134414072,36.349646606342
547,160750.367237054,219155.86538986152,36.3330418192318
1225,182242.80926507,248433.3525504073,36.31997528586377
1387,158540.947801398,216107.63787986367,36.31029767185362
58,171392.830997252,233557.9537974846,36.270550196600304
10,157933.279456005,214656.6480952553,35.916032918857724
696,178824.324789223,242563.39198595763,35.643398778025706
463,190060.105331152,257304.12729416435,35.38039813555265
242,183978.544874918,248671.14355788584,35.16312118184789
1164,208973.380761028,282251.8986643496,35.065957987787634
540,195556.581268962,264087.3902414245,35.04397986903216
882,176401.921054593,238169.7343802607,35.01538586223885
716,198422.868144723,267848.4581692074,34.988704010592
1371,190702.440251029,257416.26847105095,34.98320636705224
541,186453.264469043,251666.69934102948,34.97575387467347
1113,186818.610760803,251924.2923583418,34.84967655652796
406,178640.723791573,240866.70913829817,34.83303472243352
138,138607.971472497,186789.27023878283,34.760842579567
546,182386.152242034,245670.3019401337,34.69789176434788
1211,161595.015798593,217621.8001265319,34.67110916203563
1192,182909.515032911,246320.11119367485,34.6677405761829
892,196559.709259637,263074.0910773913,33.83927564213835
887,184901.735847457,247413.91934704024,33.808327008436244
849,164692.778645345,220371.2105054895,33.80745186165345
21,158230.77520516,211508.8379460131,33.67111276031699
535,183801.672896251,245533.87262962133,33.5863100485575
490,200210.353608489,267446.82635664503,33.58291493737473
231,200328.822792041,267395.58487321483,33.478338836341614
1058,180352.919019023,240507.573097907,33.353856652876864
923,185306.650665866,246433.12914572828,32.98666197905758
522,156060.853810389,207322.33182869692,32.84710852638912
1369,186030.317211014,247034.6659610352,32.79269189270051
1217,202577.900044456,268944.8387298246,32.761193926289224
777,171318.59033449,227371.9140874914,32.71876312054658
713,181943.343613558,241407.33602279465,32.68269738712524
874,202112.046522999,267960.46763875487,32.58015652632697
412,193440.372174434,256217.92193532744,32.45317875230517
901,196373.896176551,259939.1090591093,32.36948195263673
182,172023.677781517,227449.52051444183,32.219891731020795
46,190878.69508543,252072.38209545804,32.05894035614614
244,181878.647956764,239465.97020145005,31.66249743530953
216,166481.86647592,219109.6687596284,31.61173249539492
695,193981.327550004,255154.96614770437,31.53583871722455
1445,169335.310624364,222721.94887088827,31.527174131420043
880,185299.601552401,243602.4408356756,31.46409317387933
1131,176632.181541401,231387.57922542037,30.999672430125752
421,198127.73287817,259053.56077580847,30.750782342572
1193,203926.829353303,266392.2736736116,30.631302667922743
163,181873.458244461,237304.7075515449,30.477921210788928
873,195779.543033588,255360.68704225935,30.432773049454717
44,173214.912549738,225764.96190376187,30.33806303422885
1071,179591.789259484,234003.12673599628,30.29723001305801
526,152186.609341561,197685.0668985781,29.89649204609216
1061,180848.220765939,234554.83890224545,29.69706746842462
905,151611.37057651,196565.49899775357,29.65089508148575
565,141684.196398607,183564.45829793968,29.558880216611406
1075,192474.56829063,248720.77834702455,29.222671107106844
1162,196858.923438425,253920.496189217,28.98602296209353
1252,142754.489165865,183970.33243667227,28.871836893983065
706,177484.91371363,228382.7233450268,28.67725969854536
464,174179.824771856,223529.3812073383,28.332533058935667
462,175522.026925727,225033.6377300236,28.20820364913385
264,194260.859481297,247626.48781402156,27.471117174719623
774,183682.123638416,234077.01588727828,27.43592639862233
1059,183367.953769362,233591.96727244923,27.389744211389505
721,178818.742632666,227756.1979373301,27.36707270400211
747,183653.890897141,233614.6492304425,27.203757072200013
258,175969.91662932,223210.4833178862,26.845819781842746
846,161474.534863641,204647.93529801915,26.73697154219173
1257,180716.291710805,228803.793567071,26.60938944742128
531,178757.912566805,226065.82170553517,26.46479166120848
1374,178290.666302221,225380.7460493487,26.411971374488648
881,186414.012339254,235421.7318298987,26.28971871570243
395,183570.337896789,231640.19027309064,26.18606738269914
222,159675.423990355,200999.89444233052,25.88029480007626
544,183438.730800145,230823.8665807325,25.8315872410899
36,147797.702836811,185939.8156374313,25.80697268531602
1048,185497.872344187,233085.3965302913,25.65394609907264
147,181987.282510201,228642.21151918097,25.636367753535083
1214,155919.014077746,195640.96146552177,25.476012417554927
1458,187741.866657478,235554.22556408716,25.46707335867681
1373,183783.13937519,229904.61916244664,25.09559905443799
4,150730.079976501,188527.00001623103,25.07589728979288
878,177733.78193528,222129.45280896747,24.978746522061684
1049,179613.437681321,224462.4974165194,24.96976858422577
253,179980.635948606,224837.169921271,24.922977817165798
1089,230841.338626282,288331.9436863201,24.90481358415265
179,200443.7920562,250357.949079404,24.901822356867577
214,163099.3096358,203575.43496565823,24.816858771653465
1052,178750.613844623,222756.7061206801,24.618708338707503
1134,156794.36054728,195319.519210956,24.570500194781587
183,181666.922855025,226214.29318779177,24.521453676141547
861,158608.749069322,196933.4559655345,24.163047197013217
1140,135751.318892816,168149.3242326958,23.865702082393778
864,181686.10402108,224990.9194139293,23.834962847695213
123,189196.845337149,234212.44425962915,23.79299657045672
1362,235419.373448928,290995.28977240773,23.607197449081816
116,157574.595395085,194763.2628535317,23.600674566356297
306,177327.403857584,219069.4624362724,23.53954192675852
1044,181814.527595192,224524.76250270748,23.49110132860745
1035,201691.208274848,248886.63791739545,23.399844765783463
533,198168.490116289,244403.4372215144,23.33112952422147
416,179503.046546829,221009.16942841385,23.12279578539446
1392,199792.302740996,245764.4876236514,23.009987998512724
426,180008.188485489,221323.0372543602,22.95164965353881
545,179584.488673295,220626.1893384772,22.853700210070134
1381,193008.659237315,236954.31272337213,22.76874709130199
170,162931.203336223,199669.5130620988,22.54835720452089
698,177801.266806344,217833.6561680551,22.51524417163643
23,147183.67487199,179973.94312743298,22.278468236345955
139,150778.958976731,184273.9282632882,22.21461768530072
28,162330.199085679,198330.3593347493,22.177118276106587
883,182381.322639642,222508.16538922171,22.00161846005709
1391,184306.637575967,224400.3849365167,21.753827147990783
246,180728.168562655,219339.2501501121,21.36417465773817
1441,170351.963410756,206533.6288558239,21.239359218787488
277,185199.050609653,224153.0005698584,21.033558126768845
286,185635.132083154,224575.74265899908,20.97696170916716
1228,171418.640195797,207344.2461782648,20.957817622070166
254,173257.637826205,209518.8397272785,20.92906399742516
581,174026.247294886,209991.586284614,20.66661756417984
247,176477.026606328,212457.8293067235,20.388377678562563
148,160172.72797397,192826.34598523055,20.386503011028932
1073,185846.215131922,223709.9210778575,20.373676116598936
709,184365.175780982,221829.7139945909,20.320832312776453
1394,177294.838897736,212564.68955024477,19.893331848679747
885,184901.735847457,221435.5369363765,19.75849546326581
922,168991.29635758,201953.09895583865,19.505029731538684
1438,180106.84373966,214886.4041946518,19.31051576544466
810,189893.003058465,226324.4904676182,19.18527108549467
763,186537.246201062,222078.1521961072,19.052980956273405
770,189547.199876284,225608.2821097165,19.024856213634017
576,173310.56154032,206107.62587995853,18.923869410006176
1397,183849.408762071,218564.6808909336,18.88244969761608
78,175182.950898522,208162.46970580856,18.8257582362513
225,155774.270901623,185024.378813728,18.777239490709924
529,190170.382266827,225807.0000737337,18.73931018180591
229,178221.531623281,211562.9942319212,18.707875701077665
896,177017.595099274,209881.53182749604,18.5653503595456
821,175053.355553278,207381.51011620744,18.467600612825883
54,175502.918109444,207878.12212694407,18.447102969143124
38,146991.630153739,174018.6551736649,18.38677820747906
1111,140196.10979821,165925.83251503136,18.35266524431755
417,183658.076582555,217045.4379680896,18.17908692435144
1395,182368.620883855,215186.291981044,17.99524004630683
1401,176261.296806135,207675.3390022384,17.82242770553017
1181,170575.496742588,200959.93600902965,17.812898010957685
523,157437.192820581,185384.69674912893,17.75152581664586
184,179024.491269586,210684.17509818147,17.68455455679547
479,160387.604263899,188702.317829724,17.65392886549789
1051,185127.237217638,217693.0224651162,17.591028601152534
1227,188108.243748841,221050.86632548016,17.512588454455837
1367,205939.810625621,241497.87969630127,17.26624345368631
1370,160312.319589212,187926.7138433581,17.225372525895605
697,209270.051606246,245095.456554002,17.119222111706467
717,184482.11308349,215455.4636632552,16.78935158648564
704,167517.628078595,195305.83071370883,16.58822594006423
867,193954.849525775,226100.88829071017,16.573980410148607
1158,183035.606761141,213113.54005496443,16.432831745724066
1355,190054.639237419,221251.43022446745,16.414643237451802
1358,151131.098733642,175794.8160744669,16.319419065623926
886,180085.766885029,209246.1294437868,16.192485982178958
1234,176412.012719061,204878.90194418185,16.136593413541995
25,174350.470676986,202468.02656776604,16.127031823660857
8,162011.698831665,188099.98894332247,16.102719926888724
1078,170774.84018302,198241.56890494988,16.08359211022754
741,176450.548582099,204782.50179285955,16.05659684168012
800,162845.613675766,188856.17285352803,15.972526732927776
820,158296.975970284,183373.26636968157,15.841294658784228
1379,179258.619211334,207225.85436565688,15.601612506761173
575,173310.56154032,200098.39334251825,15.456548962808697
41,151133.706960953,174358.7458810894,15.367213169817134
519,172414.608571812,198815.5480239382,15.312472458579416
40,151164.372534604,174215.0704621407,15.248763674297674
555,181420.346494222,208656.178038923,15.012556238044908
173,179757.925656704,206726.41651514167,15.00267137591543
415,175588.618271096,201860.81827448023,14.96235932719848
708,179184.153848562,205855.0781121741,14.88464447930653
107,205469.409444832,235633.36016656703,14.680506846852042
1386,184114.270899227,210569.40562057224,14.36886700424496
689,199158.097008868,227457.76679711175,14.20965063096765
1136,183203.318752456,209196.8063333538,14.18832789597014
37,150521.96899297,171641.83375386777,14.031084566721384
597,205832.532527897,234190.5999649401,13.777252355965476
1216,178100.589622319,202427.11924144655,13.658870905882193
574,182427.481047359,207207.8609330224,13.58368801859973
1050,164454.967963631,186789.41713647425,13.580890531554196
39,150306.307814534,170277.20607082662,13.286799833400952
866,192252.496354076,217700.27097507493,13.236641970115784
82,173912.421165137,196865.41034229303,13.198016003331505
1385,183918.612062767,208156.3740252597,13.178525920052572
227,179605.563663918,203205.6296093578,13.13994147174682
1380,181518.750275669,205208.57004205923,13.05089404285395
290,206486.17086841,233413.9737485849,13.040971589974191
228,181609.34866147,205176.50480166049,12.976840847615705
30,180929.622876974,204183.96614571288,12.852700900477226
528,178344.62451356,201206.94311349472,12.819180091517946
1232,189386.323677132,213347.4977992373,12.652008686199846
32,187798.076714233,211358.7457930988,12.54574567061058
1014,185527.714877908,208724.89921891215,12.503352588733046
1072,180638.463702549,202993.29158145763,12.375452835847597
159,183690.595995738,206413.4089365393,12.370155814252191
119,175846.179822063,197137.53824622877,12.107944821838194
918,191393.608594076,214492.01474919476,12.068535791133865
1126,180807.213919103,202585.91974840572,12.045263768649743
491,186599.221265342,207997.777272655,11.467655578736034
986,181612.141603756,202156.72094047916,11.312338016225588
876,185191.359443218,206039.21129792545,11.25746466648711
556,176676.04995228,196523.32837515592,11.233711885813973
475,179136.097888261,199210.75104076645,11.206369564345064
230,175559.920735795,195131.98379721728,11.14836631242095
855,181520.466841293,201669.3412414794,11.100056511976112
423,181613.606696657,201665.7642961156,11.04110972970822
69,164507.672539365,182374.9875530516,10.86108309593346
1238,165220.786354033,182969.98011938567,10.742712316669348
1112,198678.469082978,219915.02135463245,10.68890472615078
284,177643.434991809,196614.7949628804,10.679460218693782
1060,176734.841494027,195200.41467141663,10.448179329718467
1124,188683.160555403,208234.8286426779,10.362169061469547
1254,155895.397617561,171923.67010775878,10.281427633622632
548,182477.505046008,200318.5002875465,9.77709292827096
566,153353.334123901,168308.8751392564,9.752341610826756
1215,182424.87095604,200190.9061926784,9.738822970536514
722,180422.049969947,197718.19086506095,9.586489510564268
1235,174976.489722867,191472.82339600255,9.427742949503084
549,187720.359207171,205382.3264188005,9.408658328922924
1291,211817.702818093,231538.1353512447,9.310096498443956
281,155412.151845447,169824.02182404487,9.273322457390645
1230,174841.84007522,190997.9140846464,9.240393490754686
746,193782.555676777,211430.8983477538,9.10729173187996
534,176882.693978902,192598.89941412248,8.885100674176215
862,178807.370559878,194562.74604952315,8.811368032711533
859,179731.198023759,195507.04735506876,8.77746852231202
858,178657.794083741,194147.91713449723,8.670275556797513
897,184123.358536806,200016.32311384764,8.63169382925669
1210,185546.680858653,201360.64087263664,8.522901051531335
718,139214.952187861,151071.33112042374,8.516598789304886
3,179317.47751083,194527.90571298703,8.482401388475036
1077,178403.094096818,193442.1833578382,8.429836565983875
720,180664.118686848,195875.2843057557,8.419583107852064
1423,186412.438609167,202066.05967763343,8.397305021735093
1396,176487.943174734,191127.3958853469,8.294874112799244
815,175648.484325498,190038.7893285008,8.192672460717523
779,154846.252190699,167138.47536573673,7.938340774240634
393,156342.717587562,168672.3607514206,7.886291957892588
794,177161.583857224,191045.5705358651,7.836905934319432
1356,160192.453934518,172481.55241604813,7.6714590354883665
1375,181605.343963015,195531.96199975564,7.668616866019577
868,181044.201560887,194913.93433291093,7.6609649204144254
796,205895.254584712,221588.55114515155,7.621980696977555
552,175901.787841278,189308.00223816212,7.621420203517778
135,194631.100299584,209446.1167315485,7.611844360516207
458,171247.48948121,184051.0966139725,7.476668517331689
1266,180589.836175042,193864.88298777383,7.350937956366825
124,139647.095720655,149854.8438025091,7.309674454149278
554,195664.686104237,209903.5008978429,7.277151067526017
446,189494.276162169,202909.29176199523,7.07937773716483
255,177271.291059307,189679.6501348764,6.99964387996593
1256,185157.832305524,198076.66019328244,6.977197630204174
1388,197034.759055859,210648.9462614837,6.909535795034576
1123,167484.744857879,178999.77874458997,6.875273265324656
493,178628.665952764,190876.77871775103,6.856745360358863
1363,185150.926027596,197599.42879446,6.723435325950569
1236,180718.581707643,192767.02217067403,6.666962715833153
737,160337.079183809,170946.18727328282,6.616752745827208
707,188444.597319524,200810.644221572,6.562165791933143
584,207243.616023976,220758.13061518103,6.521076427098013
333,166380.852603154,177229.2097840821,6.520195690307736
1010,192686.931747717,205200.17242693744,6.4940785375128085
991,184522.369240168,196416.865976727,6.446100158771281
921,183621.508757866,195447.67051593843,6.440510067732373
854,176489.659740359,187759.9887525372,6.385829645067257
151,176270.453065471,187457.8933959988,6.3467473623458215
553,182584.280198283,193777.79608517693,6.130602193539329
1255,159851.977738548,169398.62020835155,5.9721766379505885
293,191642.223478994,203037.32106208816,5.946026599061645
422,183320.898107934,194047.7321666207,5.851397287160935
813,171774.925622692,181722.215348423,5.790885770825747
1253,156106.800760811,165126.11243924097,5.777654550905501
233,177174.535221728,187398.4796910396,5.770549620190419
567,151143.549016705,159858.6658531518,5.766118959852911
1079,179879.945898337,189923.8922432017,5.583694332741934
1393,143237.803559736,151099.86621257325,5.488818215198651
1176,170636.827889889,179984.62957675848,5.47818533810389
811,194650.210979875,205170.3077207411,5.404616151150121
911,183410.785819008,193204.55786467955,5.339801583608161
194,153999.100311019,162180.2506794577,5.312466340333135
287,206492.534215854,217355.82981904605,5.260866037818236
304,164575.982314367,173230.12001743002,5.258445115358454
551,176385.102235149,185638.26816973992,5.246001968043192
888,183967.561548763,193498.10590383937,5.180556982351567
699,179053.762236101,188258.99171277852,5.141042199682737
1080,177668.192752792,186797.76418435367,5.138551414357309
527,180340.215399228,189540.84662363885,5.101818917118931
47,194542.544135519,204446.94492474484,5.091123298113334
166,181715.622732304,190807.20997754383,5.003195162054503
473,176391.829390125,185000.19241384065,4.880250436473772
685,162820.928264556,170766.20602997477,4.879764444352677
1237,186131.188248242,195058.6426244199,4.796323743590693
472,192223.939790304,201419.7302588108,4.78389449229812
282,171308.313985441,179397.9641553397,4.722275283490452
56,163276.324450004,170850.38600800768,4.638799644416847
224,179233.926374487,187473.45119992885,4.597078796469811
1293,234492.248263699,245058.1411059792,4.505860181100019
414,196241.892907637,204540.49909821016,4.22876383203202
1146,197092.08733832,205421.13328501585,4.225966683481576
532,174518.256882082,181724.646885422,4.12930436739876
1207,186732.584943041,194323.5226881184,4.065138255004011
223,182084.790901946,188875.08678803337,3.729194433237426
964,223055.588672278,231358.49409319897,3.7223480793928494
748,210578.623546866,218197.9165637128,3.618265182149897
489,183884.65246539,190501.25510633757,3.598235389542844
613,181613.035129451,188063.88008955997,3.551972442677856
1159,178378.906069427,184596.65491584915,3.485697375003599
765,182241.340444154,188572.28721759765,3.47393558344887
863,184187.158803897,190417.72914368677,3.38273872090257
1027,163899.981149274,169199.39551300515,3.233322131321434
1206,178998.337067854,184435.3574467094,3.037469770903141
1026,207566.12470446,213845.81114711048,3.02539080092752
236,176023.232787689,181079.3821907907,2.872432986843389
809,182852.32772198,188010.2808497859,2.8208298970349297
265,181262.329995106,186354.1334378956,2.809079770146984
1404,161647.329794081,166104.36669664358,2.7572598373510537
5,177150.989247307,181468.25169972668,2.437052409790764
6,172070.659229164,176074.29943376835,2.326741945744673
798,178543.647859512,182629.57544861056,2.288475472571042
285,187222.653264601,191433.1771239745,2.2489393168800147
573,165726.707619571,169305.8290970372,2.159652797593818
480,181276.500571809,184935.18484714004,2.018289333581724
172,173719.30379824,177220.0054034769,2.0151483045906504
1090,155225.19006632,158335.0384475191,2.0034431137564748
856,186414.978214721,189968.28639514893,1.9061280453199845
266,157003.292706732,159946.69889833088,1.8747416954476888
869,180258.131219792,183582.7673340257,1.8443751145849328
857,185197.764639705,188528.37970120384,1.798409968920743
1267,181465.935198741,184630.051655564,1.7436421074609156
174,179007.601964376,181961.7071958448,1.6502680327825912
256,175338.355442312,177813.27812011048,1.4115124278171762
1390,221134.533635148,223965.24177693215,1.280084162003659
1156,186425.069879189,188790.5342301849,1.2688552846078136
1346,159714.537012622,161720.6486464963,1.2560607640341044
1208,187323.318406165,189480.17787777685,1.151410027306493
680,175530.651633287,177251.67659225914,0.9804697601007372
24,185855.300905493,187382.73836678072,0.8218422901289284
267,182924.499359899,184026.7989124762,0.6025980972665963
727,171226.050683054,172123.51405225391,0.524139501915604
1161,181419.5253183,182040.98289932244,0.3425527544138861
176,185102.616730563,185658.2855739616,0.3001950232866808
1003,189806.546645026,190161.36727625757,0.1869380363866542
682,159448.670848577,159568.66530802607,0.0752558543200623
1302,186735.697979808,186860.24321556505,0.0666959971255655
910,169854.436591138,169961.6958416421,0.063147747363407
1133,183810.11848086,183790.7945170617,-0.0105130032873047
226,181354.326716058,181235.14829641263,-0.0657157851171511
428,183467.176862723,183247.29919928563,-0.1198457768835049
814,177998.685921479,177494.64221619966,-0.2831727114556777
305,179176.352180931,178664.40425354728,-0.2857229322688435
411,184602.734989972,184009.9669371802,-0.3211046969721216
7,175110.956519547,174470.1885413927,-0.3659211227498325
177,198825.563452058,198044.5515639753,-0.3928126114783953
444,185724.838807268,184972.53000855123,-0.4050663355252521
1108,208156.398935188,207286.3853739901,-0.4179614778351185
1425,208353.269558209,207390.46840210172,-0.462100334757773
646,215911.674390325,214827.73779816672,-0.5020277829899736
795,180081.508849842,178977.73312041492,-0.6129311868146607
399,161157.177744039,159937.24570644824,-0.7569827510434257
1031,179749.876244365,178370.39179534666,-0.7674466752583322
852,182520.230322476,181061.02576761605,-0.7994755169231595
301,191507.251872857,189966.32401813637,-0.8046315947052022
45,192429.187345783,190870.0850017119,-0.8102213419783754
178,184294.576009142,182557.35986504256,-0.9426300988984336
568,163753.087114229,161981.5913724138,-1.081809065730455
1055,180990.24148554,178818.2981881423,-1.200033371728066
1088,175090.062515883,172866.26872914075,-1.2700856660785824
232,178630.060559899,176239.7744002054,-1.33812089197163
77,176363.773907793,173933.7830885086,-1.3778287714317432
103,173186.215014436,170582.15437255186,-1.5036188888746556
2,183583.683569555,180618.9242180975,-1.6149361935720337
1166,159488.713683953,156665.57126528787,-1.770120501604618
234,172515.687368714,169295.7534081637,-1.8664586448120488
691,181150.551679116,177667.50207732295,-1.9227375072877575
1165,180269.86896412,176768.21002116505,-1.9424538127621804
909,170175.22684199,166791.48084109646,-1.9883892994809311
1145,154892.776269956,151797.60507101874,-1.998266977630264
949,192600.338060371,188647.90984626487,-2.052139811336795
903,168590.782409896,165042.38440417842,-2.104740220666592
599,167565.362080406,163923.1170548109,-2.1736264466443678
1130,216032.303722443,211276.814720073,-2.20128606714292
168,177109.589956218,173047.93395890403,-2.2933009998600413
72,171104.853481351,167166.88321565933,-2.3014953612177163
197,163020.725375757,159230.8129922223,-2.32480402402768
61,179423.751581665,175042.65530097391,-2.441759378048137
450,185147.380531144,180560.02149784632,-2.4776796842265023
865,190311.050228337,185560.2274386452,-2.496346262601012
1178,183994.54251844,179390.45737536708,-2.5022944050699145
738,191215.088671543,186408.85406167,-2.513522674002388
1103,194297.789279905,189412.0295111216,-2.514573010269828
13,164167.518301885,160007.8018021592,-2.533824317229769
1436,212992.120630876,207560.99739804337,-2.549917441427316
22,190552.829321091,185475.77635164783,-2.6643807848626
728,281643.976116786,274089.9097827572,-2.682133109389312
196,166335.403036551,161818.18220307562,-2.7157302360236293
1157,218648.131133006,212314.05810807605,-2.896925298244092
1187,159056.890245639,154436.31762578723,-2.904981112554112
793,179028.429210291,173665.7229392514,-2.9954495465859514
1332,171989.192193993,166730.19282222094,-3.057749911308514
1239,164115.893800435,159053.56416935613,-3.084606562990582
474,181913.179121348,176045.19645659227,-3.2257050825555598
145,177508.027228367,171714.1266373931,-3.2640217354902656
934,207348.811884535,200547.055571966,-3.2803449659295234
448,154650.199045978,149555.40539511078,-3.294398379243285
1405,167129.598867773,161608.7893211632,-3.3033104752304565
1107,211423.986511149,204241.68524185836,-3.3971080518396777
791,180051.809151659,173716.28081351548,-3.5187251758226163
824,151422.116936538,145964.22447479225,-3.604422241721252
851,192383.215486656,185244.6164995052,-3.710614238925608
505,156491.711373235,150474.44163217174,-3.845104439245343
1422,188206.281858748,180893.98833794348,-3.8852547580173353
1148,178680.587503997,171675.03687909158,-3.920711658029838
299,174559.656173171,167656.03716712925,-3.9548766063064753
442,204264.39284654,196181.80615358904,-3.956923955426375
459,166878.587182445,160019.58442381286,-4.110175472143298
430,152324.943593181,146049.59446944154,-4.119712094231417
392,151217.259961305,144932.07004788594,-4.156397169891448
1160,184516.716597846,176818.11892638178,-4.172303633737054
1081,180174.328610725,172379.6992755816,-4.3261597782801005
1128,163438.959094218,156283.31906727975,-4.378172784870241
1424,196761.386409959,188131.73560971415,-4.385845697521492
936,206779.094049527,197353.9417798441,-4.558077939651577
379,178518.204332507,170276.9479331803,-4.616479551842572
1298,175231.189709791,167115.9694959934,-4.631150554440467
853,187254.507549722,178544.9251465865,-4.651200399447177
816,196918.071362067,187556.5574274113,-4.754014636596241
1378,189959.344795118,180655.4190300127,-4.897851050781473
137,198342.504228533,188361.2728966476,-5.032320919163615
326,190233.609102705,180608.4755180049,-5.05963884620596
1361,222438.699143414,211150.70538122227,-5.074653738607764
193,168434.977996215,159710.52123581027,-5.179717932816052
152,183050.846258475,173294.89365007382,-5.32964081172583
308,186965.204048443,176765.39320297178,-5.455459424860912
180,181294.784484153,171334.2340609679,-5.494118571323689
1351,178498.634450214,168419.61294753622,-5.646553842678824
1174,170588.771929588,160731.34124149833,-5.778475673743875
153,150011.102062216,141196.04466667492,-5.876270005592719
725,173163.101499699,162946.0711529797,-5.90023524540362
175,180370.808623106,169562.91782068595,-5.992039889893533
319,189680.453052788,178174.30979044148,-6.066066944254072
317,158995.770555632,149314.2310398171,-6.08918053730705
330,221648.391978216,207773.11515852017,-6.260039468754424
771,187948.65165563,176125.53481001817,-6.290610090289345
561,200973.129447888,187125.60270867727,-6.890237902575587
1190,168664.346821336,156847.9867058838,-7.005843462560049
260,185199.372568143,172211.0435203205,-7.013160394505944
965,158270.753116401,147048.588031535,-7.09048567969636
199,182760.651095509,169752.8029171031,-7.117422760552608
476,196595.568243212,182517.2581965481,-7.161051580393399
481,192474.817899346,178673.7889341371,-7.170303687428923
146,208029.642652019,193090.0747873501,-7.181461100550461
792,176519.18031559,163790.03250991576,-7.211198116214009
268,181902.586375439,168395.2938536183,-7.425563754185569
195,164096.097354123,151760.64665237674,-7.517211500238225
932,184111.729429665,170232.21782078914,-7.538635181947032
1019,189114.303789324,174819.5475264535,-7.558791681244305
449,151579.558140433,140083.8521728371,-7.583942128229146
1189,152272.560975937,140501.36093469444,-7.730348767893061
1175,198375.31512987,182740.4780060509,-7.881442866812069
1350,183141.236914997,168612.05308806914,-7.933321884066675
1383,181499.39185067,166939.50945833875,-8.022000649076837
611,182801.408333628,168066.4800117316,-8.06062078854662
325,181065.347037275,166450.72183104945,-8.071464499066689
390,180084.118941162,165448.5648547391,-8.127065380598458
1155,172934.351682851,158811.02614299953,-8.166871071256349
1421,169979.323958443,155843.5888710593,-8.31614972821027
343,169759.652489529,155490.1014958282,-8.405737632256857
712,178611.639373646,163530.59727178482,-8.443482269547085
51,176521.216975696,161610.99903571224,-8.446700173178982
470,162395.073865424,148556.8397489866,-8.521338601628448
1415,175942.474593632,160784.01864907733,-8.615575050632666
1154,170591.884966356,155298.81708483837,-8.964710064921155
48,191849.439072822,174412.33693445192,-9.088951326957655
438,181871.598843299,165179.7225089127,-9.17783559420295
496,166457.67844853,151059.12072222595,-9.25073440277818
440,169805.382165577,153752.18058433582,-9.453882660555324
663,181507.721372455,164342.38790660148,-9.457081680084649
492,192718.532696106,173921.90853385103,-9.75340767662184
94,188613.66763056,170082.49156364554,-9.82493808625349
368,166505.984017547,150037.8551904613,-9.890412602438492
924,189030.680303208,170114.3834010274,-10.006998267074213
920,183189.685319552,164848.01699149472,-10.012391416068258
1100,156969.695083273,141250.15810034983,-10.014376962753156
1011,181578.684951827,163347.89380904785,-10.04016035671576
1097,218108.536769738,196179.6012165975,-10.054139043760292
797,183389.78131415,164936.85945528993,-10.06213199373954
380,169163.980786825,151976.07699452064,-10.160498536602782
1240,182125.729127024,163544.78075527755,-10.202264370229171
930,174176.391640607,156378.88673436682,-10.218092554680595
149,176761.317654248,158638.3832676505,-10.252771719006232
1262,170625.842699726,153108.75800284062,-10.26637256099161
477,194822.365690957,174519.1120332978,-10.421418293352346
357,177109.589956218,158589.98607933632,-10.456578823009968
85,168173.94329857,150434.46380493385,-10.548292527185444
1009,212693.502958393,190053.44668536453,-10.644451268197551
894,181553.279576244,162182.7387530091,-10.669342282577816
185,178324.191575907,159276.49898981367,-10.681496670621565
726,185968.161159774,166101.23555520913,-10.682971472464178
1272,182164.26685407,162461.2244279309,-10.816085265461544
893,177133.709361852,157900.45475771,-10.858043154762806
686,188832.479997186,168278.073824737,-10.884995088109475
1006,176905.917994834,157628.07708037266,-10.897227821979522
772,194107.287565956,172883.30717613446,-10.934149179025448
743,198882.566078408,177129.29196440647,-10.937748110825094
1258,176901.093954071,157541.09824649,-10.943966074402825
99,158307.206742274,140979.84973093786,-10.945400002885073
967,199926.378957429,177951.3242150893,-10.99157342664568
383,176349.927153587,156826.8914059729,-11.070623086002774
298,188241.637896875,167356.59503133802,-11.094805112659776
1039,157816.77461318,140148.75558370922,-11.195273172181048
1283,182145.731469001,161512.21460267613,-11.328026575158283
302,199751.865597358,177029.30236214586,-11.375394751513491
504,178188.964799425,157869.9069153513,-11.403095532288129
262,185080.145268797,163879.57025395424,-11.454807853134426
605,192834.968917174,170641.06466463333,-11.509273643243276
80,167186.995771991,147865.5532055419,-11.556785548560024
165,193927.939041863,171463.17162733278,-11.584079903866131
583,200918.018812493,177480.04112377492,-11.665443362046894
1151,184021.843582599,162476.76272022206,-11.707893173402717
1147,228148.376399122,201433.2538461433,-11.70953875483354
919,174016.157494425,153426.9660350033,-11.831769966579856
1376,187992.451444752,165718.45617650563,-11.848345556998249
654,174388.867432503,153313.64395643328,-12.08518857101177
370,180116.752553161,158281.65378974553,-12.12274730356961
943,182152.207151253,159998.64135400456,-12.16211768373077
394,188511.443835239,165439.77077574984,-12.238871333272506
1328,203326.392972343,178412.35846776332,-12.253222092996332
118,169364.469225677,148539.24132392803,-12.296102008266852
120,189673.295302136,166314.390056918,-12.31533685752068
1303,172922.865411247,151507.1923734637,-12.384523577522453
670,193808.319298263,169634.98464598748,-12.47280547078774
292,176156.558313965,154051.0259683834,-12.54879895313508
1099,164731.316372391,144014.21081540908,-12.576300616786742
616,176115.159022876,153960.38640076004,-12.579707928059864
70,163602.512172832,142918.97349988177,-12.64255566632122
650,178298.214633119,155689.86966484674,-12.680073670279334
1017,176732.915304722,154235.1988704428,-12.729782901780773
1259,181017.222455218,157923.33851926145,-12.757837968522448
1243,164865.215329881,143757.2505541134,-12.80316453263498
186,184534.676687694,160637.3738855841,-12.950033690715838
582,195499.830115336,170108.87082928512,-12.987714245619223
595,183683.590595324,159668.88387786646,-13.073953225557686
1086,172532.757660882,149880.9281961233,-13.129002151163377
1043,220514.993999535,191367.35031318924,-13.217987202451749
1286,170010.168655046,147347.0852109071,-13.33042818757668
1231,172965.476488899,149885.83790328278,-13.343494351658949
974,183642.191304235,159103.33233265078,-13.36232093360907
902,172465.707083115,149379.41243253087,-13.386020352126204
1127,176279.079637039,152675.331709131,-13.389988180394656
309,178762.742169197,154515.3736802886,-13.56399448491259
1281,188813.302559147,163064.07371402165,-13.63740186529455
600,186348.958436557,160915.3012074473,-13.648403212174998
294,191945.808027777,165747.21224331428,-13.648954386475298
694,185421.046498812,160094.7030816503,-13.658828862948932
687,164682.185899437,142159.82319472963,-13.676259263682974
52,179436.704810176,154809.2891707532,-13.724848361139845
86,168882.437104132,145607.16538285438,-13.781937376310012
812,187904.461286262,161966.992848065,-13.803540512368514
705,182873.903794044,157552.4320693861,-13.846410668399912
127,179447.36804185,154429.5848736702,-13.941571526613448
982,162162.525245786,139509.91992006314,-13.969075340550372
1273,172469.071592608,148308.59609834908,-14.008584421054213
1183,167522.061539111,144005.51038824505,-14.037883091222335
467,183601.647387418,157793.33573069095,-14.05668850142118
198,155862.510668829,133869.13671992355,-14.110753031327825
369,176507.37022149,151539.73237457345,-14.145379773992415
594,175949.342720138,151013.53529881308,-14.172151504417602
1065,174525.87942676,149508.772181938,-14.3343252742757
187,159397.250378784,136380.73087095446,-14.439721797668517
688,181549.735943801,155297.41800041907,-14.46012455314635
269,188985.371708134,161576.10739830893,-14.503378786457342
1312,209219.844787023,178865.5275788959,-14.508335592652076
131,154850.508361878,132346.03309837365,-14.533032859609666
749,158527.164107319,135434.08165207022,-14.567271536892774
1087,203310.218069877,173614.7445880365,-14.605991653422103
1278,193789.648503294,165443.20091094403,-14.62743124376334
633,154407.701597409,131568.90535189747,-14.791228681752994
944,180161.697340702,153415.9983938529,-14.84538575159545
1029,193892.880023125,165035.62756947288,-14.88309031781384
49,176363.773907793,150080.07285728637,-14.903117838841627
104,191736.7598055,163117.25368067966,-14.926457583747798
342,185437.320523764,157756.37361925456,-14.927387230534372
1091,168322.342441945,143163.77308793616,-14.9466606684648
665,189432.689844522,161047.491108801,-14.984319105122944
753,174388.867432503,147968.8205710394,-15.150076521765044
745,162447.639333636,137832.5724510707,-15.152615934301584
769,178556.671573788,151376.61699877607,-15.22208850302177
1120,177503.378612934,150467.4757303648,-15.231204664292065
443,169630.906956928,143766.1081125217,-15.247692362438276
895,185770.606634739,157391.08985306794,-15.276645372360056
589,199929.884438451,169308.17388930186,-15.316224803088966
692,181416.732376013,153582.10617077292,-15.342921152139764
1109,159233.941347257,134516.17283203165,-15.522927025539676
158,169556.835902417,143088.5022642645,-15.610301700478468
335,162804.747800461,137295.48516012545,-15.668623295679652
93,161298.762306335,135929.10170022794,-15.728366568570172
257,177548.140549508,149595.6922869484,-15.743588288814134
50,176954.185412429,148811.8486787519,-15.90374178948379
963,186184.717727913,156558.41604646653,-15.912316565499111
160,176980.914909382,148783.87522376326,-15.93224879646273
68,174706.363659627,146834.82367997387,-15.953362771578302
997,169762.081624282,142635.9510207122,-15.97891021600774
994,151520.381580069,127102.30045918928,-16.11537726228356
445,195699.036281861,164152.75197646944,-16.11979542911807
990,170563.252355189,143030.70719438378,-16.142131895720507
1233,185682.618340257,155604.77703656995,-16.198522819497533
667,170030.807488363,142294.08315560126,-16.312763988173177
14,150891.638244053,126220.8518382815,-16.350002354582983
644,168864.404664512,140914.07849047132,-16.551934808031586
786,161067.859766557,134378.7831891679,-16.5700820859424
447,149607.905673439,124809.59106750644,-16.575537565549382
314,172154.713310956,143551.38516652354,-16.61489691122626
951,186379.553524443,155390.10442867875,-16.62706477709214
1439,183972.071056674,153366.4960487555,-16.635989817438222
288,181681.021081956,151404.3514559651,-16.664739908266547
649,163299.477980171,136017.7061488164,-16.706588513814705
898,165970.357492196,138176.4574042408,-16.746303682127145
413,184199.788209911,152987.98045815167,-16.944540520421704
900,177086.476441481,147034.19161570846,-16.97040080624307
300,182347.363042264,151387.23226553528,-16.97865560553945
271,177304.425752748,147013.94135910654,-17.08388511174657
1292,176170.128686742,145952.88662478174,-17.15230742420087
358,166558.113328453,137931.89670094353,-17.186924164455746
419,165399.62450704,136921.38751817233,-17.217836542099
1364,184772.239624699,152934.29098316422,-17.230915588944843
109,182271.503072356,150824.14014530904,-17.253033193325535
457,164280.776562049,135872.07750057874,-17.292771349142157
1347,185563.069082422,153417.3300740707,-17.323349504460428
322,197318.54715833,163132.37844206052,-17.325370173559115
439,173554.489658383,143471.28428898557,-17.333579458884582
498,192463.969983091,159050.39223369944,-17.360952157604935
1280,176487.943174734,145626.33718932155,-17.48652368556279
1085,165314.177682121,136393.70413122454,-17.494248803334337
1402,163628.142248426,134993.1029730861,-17.50006990354092
993,157939.621592364,130285.04093526266,-17.509590296776032
361,196297.95829524,161860.81779202927,-17.543300400208903
297,178071.137668844,146829.09812393162,-17.54469587486586
799,194798.320499104,160620.06187295032,-17.545458574069634
434,169355.202465146,139422.81001493547,-17.674327103338165
612,181510.375176825,149411.23217705736,-17.68446733058487
945,169652.235284283,139594.31653110398,-17.7173726610861
117,184380.739100813,151642.95018941126,-17.755536218727187
295,164146.306037354,134942.92681485804,-17.791066961842123
1416,172912.518576433,142144.82569996206,-17.793791409539047
150,176515.497545231,145080.3359801993,-17.808726147105933
1301,180882.250849082,148656.7789937656,-17.815718072970867
92,183963.193012381,151178.4054942686,-17.821384256961625
1110,210820.115134931,172807.699075991,-18.03073489197696
983,166809.886827197,136700.117925515,-18.05035029660656
364,169234.6454828,138663.448388191,-18.06438451618116
1064,181502.754496154,148713.18787231765,-18.065602758954903
332,182105.616283853,149168.35729942337,-18.08689905153141
634,181625.666399474,148703.50338190922,-18.126382504306736
953,186220.965458121,152418.97180365605,-18.15155107337613
74,183003.613338104,149762.86322287162,-18.16398567705832
1028,189179.428177786,154735.7210157785,-18.206898865154724
452,210802.395364155,172324.2662576594,-18.253174514466863
1418,184379.133036383,150719.5710895361,-18.25562437166084
960,176713.19307219,144343.4108289577,-18.31769415767885
1279,173550.025727531,141708.07709425854,-18.347417984981167
622,172330.943236652,140693.6616970975,-18.35844506236403
382,181246.728523853,147828.46675575557,-18.437994462172828
1,187758.393988768,153039.7888430364,-18.49110679323797
331,180539.88079815,147103.32031982916,-18.520318242429827
349,177604.891703134,144649.13149805233,-18.55566020116558
808,181733.336941451,147972.03627991074,-18.577384441258097
1275,182997.570115536,148877.50311325115,-18.64509292704982
711,182927.863869391,148710.92099790956,-18.705156310091752
1451,188506.431412274,153166.3998745149,-18.747387700777427
81,167839.376779276,136359.65141668453,-18.75586406876985
274,180330.624816201,146502.12763430455,-18.759152648850176
972,173454.944606532,140730.76328157177,-18.86609885880872
1105,196544.144075798,159371.008608508,-18.913377268037056
989,184425.470567051,149506.5761677882,-18.93387843441475
1315,182164.26685407,147594.7872337663,-18.977091510486503
1054,192562.808057836,156013.5688151767,-18.98042493838259
739,166956.093232213,135210.51886627416,-19.014325114678567
113,181722.420373045,146996.37550528994,-19.10938936234089
1417,198359.248864591,160430.71913504213,-19.12112994309663
1032,197999.674975598,160064.526286222,-19.159197455274214
385,187397.993362224,151441.75378175377,-19.187099571002317
1116,176889.171525162,142877.28403053575,-19.22779512243244
672,163474.633393212,132027.68853070174,-19.236589928218205
1437,197468.550532521,159455.88880774198,-19.249982654082803
468,163539.327185998,131851.94749997242,-19.37599978626952
1440,245283.198337927,197658.08302083556,-19.416378961056385
1188,181373.6165193,146134.52934235492,-19.429003982613587
615,157950.170625222,127076.74925626411,-19.546304538165472
1448,196526.002998991,158104.71607700322,-19.55023067465787
817,184299.838071218,148209.83456591016,-19.582222037201014
1285,169618.349900686,136393.38117024442,-19.58807449187855
1270,167926.839083612,134850.44094401985,-19.69690986866201
1382,186313.89385619,149574.47371427767,-19.71909844269068
1021,164573.372223048,132089.22606571476,-19.738397359511566
666,207271.484957719,166096.69886678684,-19.86514744144923
1179,182951.482193584,146586.9347746374,-19.876607165427977
1342,199567.946369234,159793.91892747214,-19.93006801211116
1121,166548.31684976,133331.7282876199,-19.944115431742347
787,158762.648504781,127079.10416460808,-19.95654811668048
101,175031.089987177,140000.84006838652,-20.01373008724155
917,188714.148087543,150937.66444776655,-20.017833332905298
784,139169.86642879,111280.62731673446,-20.03971105794358
587,178570.948923671,142778.17044529712,-20.04400978664972
631,162107.168699296,129590.4634699109,-20.05877068256161
637,179188.089925259,143068.06210639258,-20.157605248168235
742,193743.194909801,154557.5482430187,-20.225560275820552
1427,175942.474593632,140318.98814784482,-20.24723508525469
386,208943.427726113,166595.25489942398,-20.26776974397099
1083,165448.004289838,131880.09176989636,-20.289100895491075
929,179562.453368834,143051.17231866598,-20.33347192866164
469,164677.676391525,131190.34365386522,-20.335077268179848
1104,174894.588364005,139095.42545238874,-20.468994064646587
1377,188885.11781517,150211.44087503108,-20.4747083240207
341,178658.114178223,141969.7435873496,-20.535518781013437
1353,218200.642127877,173372.0036174228,-20.544686795276377
344,173986.635055186,137954.23101235591,-20.709868911138567
1309,174519.904825949,138356.19633867347,-20.721824552530023
558,178521.747964951,141304.119661868,-20.847671909637537
1261,193550.830097069,153034.17189124928,-20.93334251550352
1282,178531.911979192,141066.72338617954,-20.985149477018453
947,179714.630677039,141696.60232814096,-21.154665152009446
307,177818.083761781,140163.1549330085,-21.176096397044727
111,178425.956138831,140599.26872765835,-21.200215613102948
980,153494.783276297,120936.24910258935,-21.21149232485702
710,184479.322005212,145243.45447793644,-21.268436538468546
100,193053.055502348,151950.34908625885,-21.29088623287252
136,213618.871562568,167977.54265875756,-21.365775677942526
9,160726.247831419,126299.44218866312,-21.419529235116052
653,170818.344786366,134118.6186003291,-21.48465156475754
90,155134.227842592,121706.38579982416,-21.54768970564356
1036,181956.548314794,142591.46847324612,-21.634329847499803
641,168690.0722914,132190.35420067873,-21.637146510714995
956,178003.582312015,139449.98586859688,-21.65888795195096
928,158234.96461859,123906.05827397796,-21.694893051834992
1004,175370.990918319,137303.1519644428,-21.70703304721972
1352,224323.710512388,175456.68295833198,-21.784156227817657
780,194822.365690957,152370.67886541964,-21.789945253450856
1268,196053.029878304,153292.330176456,-21.81078238290469
782,178891.554489941,139665.05625581642,-21.927529416337123
1057,196070.997393789,152951.9506962626,-21.991547587696573
935,186983.419339031,145847.9909317567,-21.99950592019561
1102,177559.628685119,138476.0688840173,-22.011512465151515
188,178430.966728182,139153.2726846976,-22.01282365034719
345,168607.664289468,131296.0200369962,-22.129269395734376
781,169788.738771463,132212.21791798377,-22.131338700888477
129,172088.872655744,133953.1226828575,-22.160497296751625
1056,180064.941503122,140109.1749609496,-22.18964236382441
396,225810.160292177,175673.72388285858,-22.20291431725065
999,171339.303381589,133278.74279069868,-22.213560951701677
550,187201.942081511,145526.17566270192,-22.26246477756236
436,174081.601977368,135118.65889302245,-22.381999385214208
373,167523.919076265,129963.30346173394,-22.4210463924448
690,152889.520990566,118580.44926794546,-22.440433785345935
1284,179196.465024103,138960.5850271146,-22.45350096140369
311,178903.295931891,138646.7834260069,-22.501828318026
971,178238.60191545,138042.18280370632,-22.5520278322265
1068,179857.975518011,139181.4370938144,-22.61592142747278
1063,180521.52640004,139682.93042574765,-22.622562964481613
1357,171289.393581756,132399.94050028783,-22.703946968500613
363,176911.319164431,136741.73524022914,-22.70605640946359
501,147086.59893993,113674.85914010664,-22.71569268759057
1359,181721.458225594,140377.02714269003,-22.751540454610403
132,158617.655719941,122472.25510969295,-22.78775363700192
1316,188137.901597981,145153.17369284865,-22.847457923169284
1152,170871.094939159,131698.7805498103,-22.925067814012976
66,159738.292580329,122930.2143362488,-23.04273925149801
656,172179.082325307,132488.286332077,-23.052042941104837
933,179374.482001188,137995.99434269496,-23.068213046167287
372,189595.964677698,145848.85984174826,-23.07385861841377
1025,196899.720661579,151423.45869745704,-23.09615362140822
973,176821.936262814,135925.48514993046,-23.12860721765784
471,182207.6323195,139982.88306191724,-23.173973954912007
291,161334.301195429,123899.69422688596,-23.203129583210817
1033,203717.470295797,156068.3838913907,-23.38978897353281
87,168173.94329857,128793.78676224746,-23.416324648110567
91,188885.573319552,144573.2601881963,-23.459871684529983
1294,182450.956536015,139479.41541771474,-23.55237918953737
1101,173388.854342604,132350.9750376461,-23.668118380821628
941,172410.28005086,131592.6729112378,-23.67469452957285
684,178553.558537021,136234.17971861473,-23.701223971759617
1317,158893.54306269,121209.74430831664,-23.71638143880117
598,177799.799849436,135604.09856613204,-23.732142172846103
1365,180658.216435809,137629.9509708297,-23.81749710247361
750,163081.025723456,124179.09193141133,-23.854359279057068
494,180650.342418406,137552.5629489362,-23.85701510028176
603,178817.275675758,136125.68481660698,-23.874421919144943
985,193514.330894137,147261.92376892283,-23.901282613801243
313,199144.242829024,151401.1922937899,-23.97410533038812
377,176468.653371492,134144.64256675623,-23.98386908729768
1399,196395.969632434,149175.94763338607,-24.043274455897865
1348,171500.796725006,130043.42172396649,-24.173284202005547
437,168494.985022146,127713.31822362484,-24.203489969248075
312,186570.129421778,141271.47265403857,-24.27969413331597
55,188321.073833569,142587.98418303693,-24.28463725251973
1271,168027.530997889,127209.8938670506,-24.292231688717266
606,196564.717984981,148739.14898775416,-24.330698554397262
942,191603.365657467,144966.57226306066,-24.34027880166772
63,166849.638174419,126041.28417300446,-24.45816152070696
1269,183421.020319014,138436.08515049066,-24.525506994936315
1265,183269.159407668,138310.0499448117,-24.53173769561972
678,193717.15117887,146074.83839966252,-24.59375047035285
987,191745.386377068,144472.94509685622,-24.65375682481891
441,176192.990728755,132743.50891189853,-24.660164764298667
1082,170643.303572141,128488.6881893067,-24.70335167006015
59,174418.207020775,131259.6246777556,-24.744310287445373
1094,171070.367893827,128738.9654615743,-24.74502332193804
959,175590.266214964,131935.66499515116,-24.86162938347009
73,167735.39270528,125990.16525574612,-24.887548642093957
378,159040.069562187,119380.4332345495,-24.9368831620952
586,192097.914850217,144186.1220790459,-24.94133932090257
89,181922.15256011,136481.2128688376,-24.97823330023427
655,161112.987374671,120728.93822393689,-25.06566963271578
957,179180.469244588,134224.6391134726,-25.08969326882888
432,183735.975076576,137416.29094009742,-25.209915541675404
57,185911.366293097,139034.45396315723,-25.214656459485308
1246,171414.7041191,128050.643775678,-25.29774826860384
270,185290.904495068,138336.78066297606,-25.34076022784041
346,194138.519145183,144772.73150841775,-25.428126192642857
1446,167411.02835165,124821.5676466104,-25.44005680174165
53,220079.756777048,164027.53197576426,-25.46905068514207
71,154126.270249525,114745.62981406489,-25.550894323014667
614,186920.512597635,139127.64739362136,-25.56855025691725
1012,166475.457581812,123893.08571786826,-25.57876847583809
625,187462.725306432,139497.3395481095,-25.586625650468317
323,162228.935604196,120714.44157374297,-25.590067441322283
1023,165625.127741229,123204.39183313574,-25.61250003946924
1114,175044.797633861,130177.32155428609,-25.631996315265337
261,188514.050228937,139879.23794973682,-25.79903843779105
1409,199202.898960871,147592.68168723362,-25.90836656637968
374,210817.775863413,156163.84053427225,-25.924728171191106
823,186328.880047186,137988.82093642582,-25.94340667883504
661,162690.209131977,120446.06981813544,-25.96599976066932
1324,203840.874021305,150787.46722167803,-26.02687368485378
562,197030.641992202,145717.29319748972,-26.04333431382878
632,162582.288981283,120237.02913699528,-26.045432199052527
318,168273.282454755,124432.86173322078,-26.053108421012684
1069,180962.868071609,133584.32226465235,-26.18136323315148
736,171595.397975647,126641.57398345108,-26.197569703224687
629,186559.854936737,137666.38015613487,-26.20792924457519
764,200468.161070551,147916.23713461784,-26.214598695020943
88,157580.177551642,116203.3554591563,-26.257631343844466
1297,147196.673677562,108485.3961298416,-26.299016533837182
157,173364.161505756,127482.19880321716,-26.465656052572022
651,176376.586164775,129689.69283062976,-26.47000622323493
192,151713.38474815,111432.88343847606,-26.550393939559864
67,174445.759557658,128112.73245377876,-26.560133775315524
1106,179036.158528149,131414.04770342202,-26.59915807858421
966,184733.12846644,135541.3838219305,-26.628545217024257
969,180917.925148076,132688.4422967357,-26.658211347419485
783,152084.772428865,111429.09795142674,-26.732245331434637
557,181594.678867334,133037.61263172142,-26.73925609410972
11,145291.245020389,106384.76476459658,-26.77826888353293
673,177473.606564978,129942.443783347,-26.782102252612148
732,166646.109048572,122003.73965491094,-26.788725910575707
940,160387.032696693,117412.15236676006,-26.79448556866969
657,157798.309713876,115510.61588940569,-26.79857211471241
367,168202.892306596,122985.87818567008,-26.882423661601194
502,149709.672100371,109432.81091064731,-26.903312674895563
679,182782.55099007,133600.65613469938,-26.907324899980484
1020,180934.635330334,132187.47412681827,-26.941862797312183
755,186939.507215101,136356.29774676662,-27.05859784370303
1274,181059.374300472,132064.53391111508,-27.06009593739616
668,148409.806476335,108223.74530421088,-27.07776670979763
1041,198599.420028908,144608.34588959356,-27.18591732617121
190,179395.305519087,130560.83226974851,-27.221711910484007
925,179208.665698449,130424.14985836642,-27.222185740823136
429,182705.546021743,132921.0483029801,-27.248487417474596
1289,195560.8830172,142196.8056179629,-27.28770527925238
1300,183313.601249761,133230.2736523191,-27.321119249195487
1456,219222.423400059,159221.584640379,-27.369845579247364
627,152121.98603454,110418.16195474956,-27.414724963110448
643,191435.007885166,138817.03526384753,-27.48607645101247
1413,185807.928877601,134662.694541172,-27.525862133752305
121,174401.317715566,126378.18565470312,-27.535991522257078
1398,184964.141507413,133963.62359868624,-27.573192021483123
592,185987.340461822,134624.02433652896,-27.61656572848112
946,182503.520140218,132060.86328357275,-27.639278857684506
110,178081.549427793,128508.70261756852,-27.837160542184563
607,206977.567039357,149319.47474004794,-27.857169800602264
981,156407.65915545,112778.2138962844,-27.894698696182967
724,183083.159775993,131911.34277007642,-27.95004033605637
102,160713.294602908,115782.50487545348,-27.957108239533
60,179682.709603774,129317.19835241266,-28.03024918893114
664,191215.589752983,137455.53826934093,-28.114889352427085
391,178534.950802179,128308.16048393628,-28.13274940988737
1242,196325.442210366,141061.96353927156,-28.14891338020199
1247,183433.472466085,131716.95698805968,-28.19360871423681
161,204773.36222471,147015.37712061882,-28.205809816566813
334,178942.155617426,128435.21973445037,-28.22528638302438
1260,183269.159407668,131479.12616321948,-28.25900081161261
348,176746.969818601,126652.30624376387,-28.34258693444663
585,196149.783851876,140549.85134346984,-28.345650663776865
500,175249.222149411,125500.9836457033,-28.387137981870303
926,174901.452792889,125203.04764386595,-28.41508995804272
360,174520.152570658,124890.95982601977,-28.43751395675916
683,181338.976717529,129770.15030929902,-28.437806003812703
1338,179171.703565498,128039.22550422832,-28.538255228777064
1139,234707.209860273,167693.51809798146,-28.552038006069964
677,182481.763081195,130312.47694833751,-28.58876703730928
1263,182012.405942725,129962.29429746052,-28.597013140765483
376,145286.278144089,103611.74792690414,-28.684422747655336
1002,163351.721489893,116457.92693483437,-28.707254583760296
778,162039.754313997,115482.01069622472,-28.73229709269599
1249,180568.187753206,128639.6682077459,-28.758398803023987
466,183004.186769318,130332.56048635131,-28.781650962642065
619,160775.629777099,114483.07548938831,-28.793265715638093
84,156002.955794336,111082.5324897743,-28.7945975612038
1040,191702.912573325,136500.75133126965,-28.795682079655894
618,180660.683691591,128610.6227837863,-28.810950918718024
191,151713.38474815,107969.52311602124,-28.8332250346568
1299,193417.64740633,137384.7424972082,-28.969903036514754
669,193850.613979055,137652.28773698924,-28.99053301329127
1323,175079.328798445,124322.53353548908,-28.99074128927476
623,163474.633393212,116039.22089416171,-29.016986620151638
352,169071.62025834,119871.34516500574,-29.100256458272927
1264,179162.507290733,126885.1193470106,-29.17875438017293
503,171411.404533743,121393.215391468,-29.18019911121418
1149,165643.341167808,117286.666614379,-29.19324991424822
1349,180983.443844799,128010.97744268796,-29.269233293812874
435,180054.276407441,127334.67057632658,-29.27984099184423
1407,177560.202116333,125413.47575605212,-29.368476572309625
289,180500.198072685,127441.14141938296,-29.39556699651701
788,175569.690441774,123826.18434551264,-29.471776116972524
1182,175332.239869971,123627.49307104351,-29.48958322626375
355,159650.304285848,112569.28823396168,-29.49008851720664
977,180096.931198144,126982.65837134824,-29.49204768423236
1287,181739.671652174,128131.0606534494,-29.497473232660223
1447,187709.555003968,132198.92482614657,-29.57261828075188
189,177743.799385967,124989.73651771584,-29.679833023990216
785,192439.536044606,135306.80950991524,-29.688663623387573
485,221813.00948166,155947.25128199067,-29.69427192462093
681,177804.057884623,124800.70738296212,-29.80997797927354
601,179782.759465081,126107.50506111856,-29.8556182826795
1098,174378.777632042,122157.70306453524,-29.946920879155865
388,182492.037566236,127838.4665899592,-29.948468823709707
659,170129.531364292,119050.71422908345,-30.02348664902592
1288,172846.934955574,120900.42380746268,-30.0534754414146
1314,188515.443002459,131838.0925685332,-30.065096806518127
133,209258.33693701,146289.91849163346,-30.09123524876861
1001,175758.873595981,122725.06464518984,-30.174185727146035
1015,159027.118197683,111029.64146580794,-30.1819446116168
658,169106.151422924,118039.20532285252,-30.19815995478261
79,190757.177789246,133099.3344021744,-30.225779210664168
1336,259423.859147546,180907.421214653,-30.265696528798134
1184,168095.583738538,117211.72352392244,-30.27078944189407
927,168337.406544343,117337.8570532164,-30.29602899204249
899,158151.985049452,110106.4789440054,-30.379325362513416
804,249768.279823405,173503.76414334003,-30.534107747383565
375,172942.930813351,120087.40935426386,-30.56240646004292
389,161718.71259042,112266.34044321178,-30.579251686509973
948,180282.570719908,125141.96353456746,-30.585656153643665
1343,205328.078219268,142434.88930939263,-30.630583724994644
818,182379.855682734,126406.87901052785,-30.690328415204004
1384,174126.297156192,120674.4430454626,-30.69717497224607
339,177427.267170302,122931.82190043188,-30.71424485029302
0,169277.0524984,117232.57461136232,-30.745146562337272
1115,180031.162892704,124495.6803284508,-30.847705292750643
954,198176.47090687,136901.31048325216,-30.91949318868089
1400,188374.936650438,130074.9282846136,-30.948919958502792
1277,198515.546934075,136977.87976754602,-30.998915760973127
970,182067.760625207,125622.68260737012,-31.002236652995972
164,177322.000823979,122233.19729029328,-31.06710012164274
740,186581.830878692,128493.44832631454,-31.13292557952451
610,159932.1643654,110097.92034681082,-31.15961333752225
609,175142.948078577,120512.12655648885,-31.19213312406865
968,175075.785166001,120372.40919905058,-31.245540846829567
955,168437.776500131,115752.47595148916,-31.278791280292676
316,166200.938073485,114204.88014384382,-31.28505683081726
674,157443.925537187,108149.9780989236,-31.30889125768181
1016,181169.654933769,124432.93908001136,-31.31689789578676
1420,209449.651603064,143738.96816391463,-31.373021122842538
310,183322.866146283,125780.39323624905,-31.388595498020287
1308,178152.259700828,122216.94013790492,-31.39747969341256
338,164786.741540638,113021.60197713388,-31.4134129235988
671,166300.235380627,113983.17585754096,-31.459401968579947
141,162182.59620952,111091.27176293836,-31.502347132597343
400,187643.992594193,128458.42923836492,-31.541411231760204
734,165830.697255197,113416.78169444654,-31.606883664060486
273,177807.420530107,121604.65697007376,-31.60878403863734
1360,172725.053851858,118094.58567493068,-31.628572091100647
336,183077.684392615,125159.16386614298,-31.63603511734625
356,179471.23597476,122662.137316537,-31.65359526816452
384,205266.631009142,140267.66027135335,-31.66562943925054
97,168175.911336919,114913.65057122312,-31.67056467379073
1329,168385.571141831,114967.84005439484,-31.72346105738624
822,162293.376090644,110806.76937459114,-31.72440425867817
1326,181012.141380101,123575.0079792723,-31.73109436908903
660,157680.227412949,107645.48798160788,-31.73177782164472
751,174388.867432503,119005.34675800156,-31.75863315698037
1084,195531.754886222,133374.0561775625,-31.78905582104986
1290,180358.114292956,122955.75417547212,-31.826879728984693
12,159672.017631819,108852.2550082779,-31.8275947014863
398,187665.64101603,127805.22417169242,-31.897376909406887
825,181969.358707768,123900.75395746,-31.911199315464284
978,160620.728178758,109312.64798499206,-31.943623202021698
303,162106.416145131,110230.68977267928,-32.001032165197145
347,192502.440921994,130876.6944898932,-32.01296884181995
588,228617.968325428,155220.18056156175,-32.10499520290882
154,159270.537808667,108124.14740477307,-32.11290117280603
366,156031.904802362,105905.08147399442,-32.126008710757446
1180,174126.297156192,118099.72207834212,-32.17582639318047
108,209561.784211885,142036.93014638385,-32.22193126454187
1066,188927.984063168,127880.21519289278,-32.31271914163013
96,174744.400305232,118184.42442199549,-32.36726085896961
1318,189579.65066771,128208.8686460855,-32.3720303342016
996,171112.978971478,115693.13144208067,-32.387869033964385
1366,209673.316647174,141545.51095262062,-32.49235848603229
626,180655.101535034,121880.30070039396,-32.53426022029163
602,169837.623333323,114518.23596561467,-32.57192739864157
988,171369.325038261,115495.97468854029,-32.604055794259615
1153,189562.873697309,127711.08744364452,-32.628639272702955
397,214217.401131694,144297.47616502328,-32.639703682935725
789,183659.795012187,123689.10398743996,-32.653140563925604
1067,184728.870431253,124395.60903100148,-32.66043973494905
337,171728.4720292,115638.23382025196,-32.662165770281064
937,177472.074683935,119485.4956742254,-32.67363562012758
134,177939.027626751,119577.00749336672,-32.798886737655884
275,179069.112234629,120312.25643430502,-32.81239018113665
995,176129.508722531,118281.4578912084,-32.84404257463446
1414,177030.477842021,118815.6638285496,-32.88406308512669
1186,170996.973346087,114596.34269062991,-32.983408742156975
1313,181059.374300472,121307.1919245482,-33.00142983856983
590,160206.365612859,107058.99123183532,-33.17432124354851
733,188384.548444549,125738.19762281443,-33.25450592365038
952,184361.992258449,122928.03388361668,-33.32246393210523
1430,192167.621096362,128061.4354429816,-33.35951461939288
126,171557.32317862,114290.16561954869,-33.3807712186361
1334,170895.923185907,113730.46842826222,-33.45044966079037
324,187340.455456083,124637.16578175731,-33.4702344571938
487,255629.49047034,169936.06183409822,-33.522512789338975
1024,179555.219570787,119333.08125348206,-33.53961999058638
371,183072.740591406,121612.36544124228,-33.57156010863196
1344,166231.535025379,110317.53778742184,-33.63621543254149
1295,174902.068073146,115946.42808901193,-33.70780039003208
617,182744.514344465,121126.5246420526,-33.71810635380569
1185,154406.415627461,102324.88422230378,-33.73016023557935
1340,174126.297156192,115344.73434706536,-33.75800425848334
757,159695.999763546,105624.79591741924,-33.85883423892102
591,179854.431885567,118954.06874171297,-33.8609188027138
1341,187625.573271948,123824.17796522276,-34.004637104692705
1276,166140.504179894,109537.70161548164,-34.06923726626219
693,164391.238182305,108243.04691514626,-34.155221341475674
75,172580.381161499,113512.69334465716,-34.22618922226559
418,193700.976276404,127394.27847016451,-34.23147321241288
998,162246.828936295,106671.29196324252,-34.25369687494712
320,181681.021081956,119420.66001566412,-34.26905061162461
272,166274.900490809,109257.61714703124,-34.290974269402405
647,167388.238629016,109981.79613438074,-34.29538596308768
1449,137402.569855589,90258.29110431152,-34.311060412353584
979,175286.544392273,115135.22022150776,-34.315996347188445
1310,172627.796932837,112853.60545969656,-34.62605242908611
315,177444.019201603,115914.26454005751,-34.67558666580836
1457,184924.279658997,120770.98102228658,-34.69165798834529
1062,187806.059368823,122531.45096412468,-34.75639104727114
83,154034.917445551,100299.0580845728,-34.88550534652184
640,188323.861214226,122618.33823373252,-34.88964306320737
950,166115.491248565,108132.64897344228,-34.90513849088329
328,168557.001935469,109440.5149202789,-35.072103998279744
620,186711.715848082,121099.29660940758,-35.14102954956505
296,179883.057071096,116571.54680980869,-35.1959274498345
1022,173902.011270196,112667.93733110752,-35.211826184084515
931,173931.531845427,112675.6727856872,-35.21837496042862
433,224118.280105941,144941.7529946708,-35.32800942156229
754,161642.711648983,104512.31235241948,-35.343628372571274
604,174444.479149339,112522.61174408668,-35.49660482648009
1307,196613.598849219,126820.84647315032,-35.49741868546541
1408,192577.796112839,123999.78633783536,-35.61054865059368
652,170211.043976522,109488.12361287553,-35.67507662547577
1000,189034.753653813,121585.78673877796,-35.6807230476556
1119,191885.618181273,123106.25681896444,-35.84393766151519
1037,171895.936275806,110254.57553033822,-35.85969632613338
142,176825.940961269,113409.75743960676,-35.8636199965437
156,163399.983345859,104620.31433880792,-35.97287331580422
340,197318.54715833,126274.70187031831,-36.004646451712176
593,161122.505607926,102999.80246038802,-36.073609287688974
1241,182285.140233276,116230.92772993133,-36.23675106967746
1305,190485.634074173,121421.70652881026,-36.25676439120338
662,146968.379365095,93605.496019821,-36.3090915037658
499,171775.497189898,109359.44879524608,-36.33582752821312
1330,183564.365159986,116688.7428453754,-36.43170190266774
723,178601.93645581,113376.051500968,-36.52025630247312
621,223581.758190888,141902.14805814723,-36.53232302744706
65,170934.462746566,108405.92537955476,-36.58041588706336
1320,162186.071220207,102807.39773047238,-36.61145068932192
1096,182875.801346628,115850.88079984426,-36.65051365639284
962,188090.100808026,119118.66423438024,-36.66936020415099
1117,159638.856165666,101064.92442532808,-36.69152557667572
95,175080.111822945,110383.71868408336,-36.95245134655147
1345,154743.91606057,97551.47155535551,-36.959413953843686
1244,182694.492209823,115030.21458564515,-37.03684594194882
1144,163883.229117973,102934.0809167052,-37.190595114154696
64,181122.168676666,113657.76313086944,-37.24801112901429
1406,174750.988352687,109575.36844269432,-37.29628113945402
642,165088.746797705,103373.92974212376,-37.38281273114563
353,167398.006470987,104727.94008346218,-37.43776148157812
958,191930.561104806,120068.21557473027,-37.441846215848045
624,175308.263299874,109611.77638485577,-37.474837568062014
976,168715.950111702,105203.25847754352,-37.644746446384325
559,175895.883726231,109656.77141668709,-37.65813668081069
596,176401.34762338,109827.7198293642,-37.73986349364612
676,183463.17030026,114099.80004255068,-37.807790056275415
329,160805.584645628,99841.44473670152,-37.91170564335496
1311,173732.689486435,107668.7847305391,-38.02617973116346
1142,153219.437030419,94856.54256160176,-38.09105137048006
1322,161665.184974757,100067.7874809298,-38.10183219314983
648,163854.786753017,101263.6288564642,-38.199163501337466
1319,165229.803505847,101895.17877630547,-38.33123527699425
961,180159.090947005,111036.7816815966,-38.36737236076596
1005,196895.599900301,121225.69392930689,-38.4314865387088
735,182138.358533039,112067.55350682692,-38.471196067961486
975,177254.582741058,108699.3413741311,-38.67614608705247
636,176429.401241704,108022.69877894824,-38.77284737198662
431,169878.515981342,103793.14459753426,-38.90154738052102
560,168468.005916477,102589.16706811562,-39.10465876887198
1095,166285.243628001,101198.95833136604,-39.1413476485264
758,157230.369671007,95521.28657016558,-39.24755963492495
1454,167081.220948984,101448.8773950625,-39.28169975126136
130,171190.624128768,103376.42124273269,-39.61326926118693
1030,178980.874331431,107984.68401821982,-39.66691445575505
1042,187193.313676329,112845.18701291105,-39.71729823212134
1426,166548.067241044,100294.96750629749,-39.78016727078484
155,163419.663729346,97712.08104165662,-40.2078802441508
1412,188997.797082492,112955.45011628215,-40.23451497321928
365,172386.297919134,103013.56982916902,-40.242599862842674
1143,164210.746523801,97995.79881988128,-40.32315125875298
1248,176844.981155794,105063.56417801596,-40.59002212482424
819,184050.725802482,109219.26604018285,-40.65806284437375
98,182333.472575006,107922.53459396651,-40.81035529580519
62,171756.918091777,101562.8044984782,-40.86828895927855
1245,185425.485520958,109467.25209085208,-40.96428989612683
1450,165086.775061735,97131.26571601388,-41.16350890027916
759,179188.089925259,105372.10953016268,-41.19469124643588
630,183962.550959411,108024.99333393355,-41.27881312225991
1452,172917.456816012,101385.64611553388,-41.36760510917619
729,160031.711281258,93548.3434295257,-41.54387109870171
1455,164788.778231138,96247.8190429014,-41.593220074791056
128,169611.619017694,99042.99973545258,-41.60600534971584
1141,164228.45886894,95610.24565406494,-41.78216959926219
1354,182283.177756557,106011.96383995928,-41.84215727161589
1038,187245.168439419,108479.79752474908,-42.06536893375359
1306,173439.49362151,100376.63879515624,-42.125846484420585
1321,166374.879866351,96217.20335104912,-42.16843105861868
1453,166274.325225982,96005.60708957523,-42.2607146598882
731,160735.445970193,92713.20171785376,-42.31938004822742
1092,165956.259265265,95285.60885373635,-42.58390176086606
744,176385.102235149,100979.4768066233,-42.75056366608456
321,160277.142643643,91063.37307027908,-43.18380552069886
1429,160515.850579067,91058.0524163405,-43.27161330931173
608,157054.253944128,89026.7255106213,-43.31466784574168
350,193283.746584832,109311.36635932466,-43.44513271769179
1337,188000.824679588,106195.18148514265,-43.51344912123001
31,163481.501519718,92326.52568298372,-43.52478731555573
938,156727.948324862,88324.76700097951,-43.64453312570517
1325,152129.078861057,85554.36804679081,-43.76198903765822
125,161468.198288911,90647.6040231899,-43.86039790882139
730,162775.979779394,91024.98486852656,-44.079596392606376
1410,182818.156667308,102092.79838653842,-44.15609464199631
984,172929.156408918,96431.91286335756,-44.23617458970931
992,164968.947931153,91808.78798236472,-44.34783689068589
1333,180839.95616829,100507.07336789696,-44.42208707772252
1150,222406.642660249,123350.37838039102,-44.538356901136936
628,159856.233909727,88521.37332587519,-44.62438457303803
1007,176866.557227858,97766.4920532621,-44.72301966769835
1335,174071.054808518,96138.9308313445,-44.770294557530285
1018,191619.294648838,105023.66292580034,-45.19149905114359
1093,193956.817564124,105559.13340509898,-45.57596132438082
1432,198678.894117024,107995.54316310442,-45.64317279746187
1008,163590.677170026,88697.50065433818,-45.78083409841779
1419,194255.566948886,105131.49822825688,-45.87980160387379
635,164810.609473548,89061.54137274696,-45.96128146286524
381,189786.685274579,102200.63013587176,-46.149736485459854
752,191905.870131966,102766.79055026353,-46.44937620741101
359,153796.714319583,82088.12383319285,-46.625567264969504
675,180681.007992057,95715.7263521332,-47.02502082767825
351,181627.061006609,96146.06362574114,-47.06402058543325
140,146966.230339786,77431.60719933275,-47.31333380443192
638,145997.635377703,76030.33384881458,-47.92358543881865
1013,185998.255166219,96429.92315400609,-48.15546894897986
1327,161305.53503837,83236.64670399371,-48.39814598786453
106,164626.577880222,84635.73691240963,-48.58926304476281
453,166271.2863726,85339.39899345556,-48.67460229890979
639,218676.768270367,111201.95779956553,-49.14779531491981
327,157929.594852031,79585.79293554192,-49.60678965199129
1118,154287.264375509,75705.79147103855,-50.93192443494007
76,165407.889104689,80995.8734550416,-51.03264185677495
1331,163784.619440861,79780.42729147187,-51.28942658728781
354,150106.505141704,72252.05475260402,-51.86614018866377
939,157090.568462479,75423.86781517853,-51.98701707340662
1339,171022.241447762,81987.73941448136,-52.06018894359763
1411,148217.262540651,70418.21823374712,-52.48986722148253
645,176041.882371574,83028.22659547307,-52.83609475373351
1034,185249.261156892,86941.7139571198,-53.06771351520436
1296,173684.174293738,81236.13839676205,-53.22766813551249
756,172482.165792649,79357.5355751936,-53.99087481856299
1433,164553.120272354,74620.53990678856,-54.652613221017546
1428,166790.457916434,70657.195032565,-57.63714788290471
1444,223667.404551664,91870.98828837744,-58.92517800144789
790,280618.132617258,114539.95226585184,-59.182982511655545
1431,178751.551083369,72225.07841492658,-59.59471233833317
387,165014.532907657,64936.48122688022,-60.64802288461525
455,173575.5052865,67067.87804525385,-61.3609777862648
362,169100.681601175,64335.86067266157,-61.95410919490077
